{"exact": 58.409837446306746, "f1": 62.21605459109919, "total": 11873, "HasAns_exact": 42.13900134952767, "HasAns_f1": 49.76235090420349, "HasAns_total": 5928, "NoAns_exact": 74.63414634146342, "NoAns_f1": 74.63414634146342, "NoAns_total": 5945}