{"exact": 44.68306527909177, "f1": 51.55754043155352, "total": 10570, "HasAns_exact": 44.68306527909177, "HasAns_f1": 51.55754043155352, "HasAns_total": 10570}