{"exact": 43.33964049195837, "f1": 50.554399718478635, "total": 10570, "HasAns_exact": 43.33964049195837, "HasAns_f1": 50.554399718478635, "HasAns_total": 10570}