{"exact": 48.126773888363296, "f1": 57.41376252615184, "total": 10570, "HasAns_exact": 48.126773888363296, "HasAns_f1": 57.41376252615184, "HasAns_total": 10570}