{"exact": 51.82592242194891, "f1": 62.852448412447785, "total": 10570, "HasAns_exact": 51.82592242194891, "HasAns_f1": 62.852448412447785, "HasAns_total": 10570}