{"exact": 55.67644276253548, "f1": 66.94586314621851, "total": 10570, "HasAns_exact": 55.67644276253548, "HasAns_f1": 66.94586314621851, "HasAns_total": 10570}