{"exact": 53.94512771996216, "f1": 64.74824050576868, "total": 10570, "HasAns_exact": 53.94512771996216, "HasAns_f1": 64.74824050576868, "HasAns_total": 10570}