{"exact": 61.466414380321666, "f1": 71.94114768980398, "total": 10570, "HasAns_exact": 61.466414380321666, "HasAns_f1": 71.94114768980398, "HasAns_total": 10570}