{"exact": 60.86919902299335, "f1": 64.54381122983216, "total": 11873, "HasAns_exact": 44.68623481781376, "HasAns_f1": 52.04599708700984, "HasAns_total": 5928, "NoAns_exact": 77.00588730025231, "NoAns_f1": 77.00588730025231, "NoAns_total": 5945}