{"exact": 44.75875118259224, "f1": 51.78553201493682, "total": 10570, "HasAns_exact": 44.75875118259224, "HasAns_f1": 51.78553201493682, "HasAns_total": 10570}