{"exact": 56.83483534068896, "f1": 61.78158460405466, "total": 11873, "HasAns_exact": 50.69163292847503, "HasAns_f1": 60.59931747704772, "HasAns_total": 5928, "NoAns_exact": 62.96047098402018, "NoAns_f1": 62.96047098402018, "NoAns_total": 5945}