{"exact": 44.437086092715234, "f1": 51.71435339028038, "total": 10570, "HasAns_exact": 44.437086092715234, "HasAns_f1": 51.71435339028038, "HasAns_total": 10570}