{"exact": 61.163670766319775, "f1": 71.90023077014631, "total": 10570, "HasAns_exact": 61.163670766319775, "HasAns_f1": 71.90023077014631, "HasAns_total": 10570}