{"exact": 59.98107852412488, "f1": 70.92216648742045, "total": 10570, "HasAns_exact": 59.98107852412488, "HasAns_f1": 70.92216648742045, "HasAns_total": 10570}