{"exact": 56.01785563884444, "f1": 61.053117559897196, "total": 11873, "HasAns_exact": 49.47705802968961, "HasAns_f1": 59.56202172548185, "HasAns_total": 5928, "NoAns_exact": 62.53994953742641, "NoAns_f1": 62.53994953742641, "NoAns_total": 5945}