{"exact": 59.934304725006314, "f1": 63.45467932177565, "total": 11873, "HasAns_exact": 43.977732793522264, "HasAns_f1": 51.02857752824572, "HasAns_total": 5928, "NoAns_exact": 75.84524810765349, "NoAns_f1": 75.84524810765349, "NoAns_total": 5945}