{"exact": 34.178387939021306, "f1": 40.178157227213056, "total": 11873, "HasAns_exact": 56.84885290148448, "HasAns_f1": 68.86559729397774, "HasAns_total": 5928, "NoAns_exact": 11.572750210260724, "NoAns_f1": 11.572750210260724, "NoAns_total": 5945}