{"exact": 55.08296134085741, "f1": 59.862400460672504, "total": 11873, "HasAns_exact": 46.87921727395412, "HasAns_f1": 56.45180173238238, "HasAns_total": 5928, "NoAns_exact": 63.2632464255677, "NoAns_f1": 63.2632464255677, "NoAns_total": 5945}