{"exact": 60.40596310957635, "f1": 64.03349442437423, "total": 11873, "HasAns_exact": 43.70782726045884, "HasAns_f1": 50.973292729519784, "HasAns_total": 5928, "NoAns_exact": 77.05634987384357, "NoAns_f1": 77.05634987384357, "NoAns_total": 5945}