{"exact": 47.536427187736884, "f1": 53.121982417341734, "total": 11873, "HasAns_exact": 55.44871794871795, "HasAns_f1": 66.63584636320786, "HasAns_total": 5928, "NoAns_exact": 39.64676198486123, "NoAns_f1": 39.64676198486123, "NoAns_total": 5945}