{"exact": 63.59508041627247, "f1": 73.89684641003593, "total": 10570, "HasAns_exact": 63.59508041627247, "HasAns_f1": 73.89684641003593, "HasAns_total": 10570}