{"exact": 53.33017975402081, "f1": 64.81471348405755, "total": 10570, "HasAns_exact": 53.33017975402081, "HasAns_f1": 64.81471348405755, "HasAns_total": 10570}