{"exact": 57.5170555040849, "f1": 62.406365793518475, "total": 11873, "HasAns_exact": 51.09649122807018, "HasAns_f1": 60.88913310837427, "HasAns_total": 5928, "NoAns_exact": 63.919259882253996, "NoAns_f1": 63.919259882253996, "NoAns_total": 5945}