{"exact": 55.09933774834437, "f1": 66.31356985739495, "total": 10570, "HasAns_exact": 55.09933774834437, "HasAns_f1": 66.31356985739495, "HasAns_total": 10570}