{"exact": 34.97010022740672, "f1": 40.90557663658382, "total": 11873, "HasAns_exact": 57.388663967611336, "HasAns_f1": 69.27663822641016, "HasAns_total": 5928, "NoAns_exact": 12.615643397813288, "NoAns_f1": 12.615643397813288, "NoAns_total": 5945}