{"exact": 46.79524972626969, "f1": 52.51610572287265, "total": 11873, "HasAns_exact": 55.26315789473684, "HasAns_f1": 66.72127585149528, "HasAns_total": 5928, "NoAns_exact": 38.35155592935239, "NoAns_f1": 38.35155592935239, "NoAns_total": 5945}