{"exact": 45.411542100283825, "f1": 52.487773318865905, "total": 10570, "HasAns_exact": 45.411542100283825, "HasAns_f1": 52.487773318865905, "HasAns_total": 10570}