{"exact": 63.16934720908231, "f1": 73.44323398104922, "total": 10570, "HasAns_exact": 63.16934720908231, "HasAns_f1": 73.44323398104922, "HasAns_total": 10570}