{"exact": 53.71807000946074, "f1": 64.68124550408379, "total": 10570, "HasAns_exact": 53.71807000946074, "HasAns_f1": 64.68124550408379, "HasAns_total": 10570}