{"exact": 45.78455318790533, "f1": 51.469987555788535, "total": 11873, "HasAns_exact": 53.93049932523617, "HasAns_f1": 65.31767244431101, "HasAns_total": 5928, "NoAns_exact": 37.66190075693861, "NoAns_f1": 37.66190075693861, "NoAns_total": 5945}