{"exact": 33.76568685252253, "f1": 39.67442693885752, "total": 11873, "HasAns_exact": 55.68488529014845, "HasAns_f1": 67.51931023027242, "HasAns_total": 5928, "NoAns_exact": 11.909167367535744, "NoAns_f1": 11.909167367535744, "NoAns_total": 5945}