{"exact": 59.31104185968163, "f1": 62.90244405363292, "total": 11873, "HasAns_exact": 43.7246963562753, "HasAns_f1": 50.91779997449089, "HasAns_total": 5928, "NoAns_exact": 74.85281749369217, "NoAns_f1": 74.85281749369217, "NoAns_total": 5945}