{"exact": 62.29895931882687, "f1": 72.89708120638541, "total": 10570, "HasAns_exact": 62.29895931882687, "HasAns_f1": 72.89708120638541, "HasAns_total": 10570}